{"cameraMode":{"drawMode":0,"name":"Shaded","section":"Shading Mode"},"sceneLighting":true,"audioPlay":false,"sceneViewState":{"m_AlwaysRefresh":false,"showFog":true,"showSkybox":true,"showFlares":true,"showImageEffects":true,"showParticleSystems":true,"showVisualEffectGraphs":true,"m_FxEnabled":true},"in2DMode":false,"pivot":{"x":20.320499420166017,"y":16.138113021850587,"z":-20.339174270629884},"rotation":{"x":0.22002063691616059,"y":-0.4117048680782318,"z":0.10272005945444107,"w":0.8782142996788025},"size":1.208939552307129,"orthographic":false}