{"cameraMode":{"drawMode":0,"name":"Shaded","section":"Shading Mode"},"sceneLighting":true,"audioPlay":false,"sceneViewState":{"m_AlwaysRefresh":false,"showFog":true,"showSkybox":true,"showFlares":true,"showImageEffects":true,"showParticleSystems":true,"showVisualEffectGraphs":true,"m_FxEnabled":true},"in2DMode":false,"pivot":{"x":3.3851380348205568,"y":0.17763839662075044,"z":-2.117352247238159},"rotation":{"x":-0.11128869652748108,"y":0.07204895466566086,"z":-0.0077904281206429008,"w":-0.9910305142402649},"size":4.372281551361084,"orthographic":false}